ID,cycle,dem_poll_avg,dem_poll_avg_margin,incumbent_running,Class
Georgia,1980,48.568402,12.246155,1,democrat
Hawaii,1980,36.287027,5.260771,1,democrat
Maryland,1980,41.137857,10.157388,1,democrat
Minnesota,1980,31.597255,-0.110691999999997,1,democrat
New York,1980,35.753233,4.05707,1,democrat
Rhode Island,1980,35.264207,10.578623,1,democrat
West Virginia,1980,40.200027,11.312523,1,democrat
Minnesota,1984,46.088834,1.39746000000001,1,democrat
Hawaii,1988,41.675536,7.651668,0,democrat
Iowa,1988,51.348629,13.579387,0,democrat
Massachusetts,1988,48.431455,6.74683200000001,0,democrat
Minnesota,1988,49.89779,7.643155,0,democrat
New York,1988,45.885133,0.198465000000006,0,democrat
Oregon,1988,48.474516,1.07394599999999,0,democrat
Rhode Island,1988,46.607574,9.851874,0,democrat
Washington,1988,42.971394,-4.29533799999999,0,democrat
West Virginia,1988,43.680941,8.6381,0,democrat
Wisconsin,1988,44.869765,-1.74318899999999,0,democrat
Arkansas,1992,52.054279,17.844488,1,democrat
California,1992,48.764566,17.150517,1,democrat
Colorado,1992,39.511654,7.596598,1,democrat
Connecticut,1992,44.051756,10.368108,1,democrat
Delaware,1992,40.233436,7.456686,1,democrat
District of Columbia,1992,71.275369,54.402688,1,democrat
Georgia,1992,38.814284,1.626967,1,democrat
Hawaii,1992,43.686664,17.324465,1,democrat
Illinois,1992,46.80532,14.038368,1,democrat
Iowa,1992,38.889839,4.459283,1,democrat
Kentucky,1992,43.25922,6.374133,1,democrat
Louisiana,1992,38.129305,1.770806,1,democrat
Maine,1992,34.291351,6.448638,1,democrat
Maryland,1992,42.98602,8.457336,1,democrat
Massachusetts,1992,37.029205,11.69403,1,democrat
Michigan,1992,39.087293,6.828844,1,democrat
Minnesota,1992,41.663969,5.512895,1,democrat
Missouri,1992,42.510403,12.260505,1,democrat
Montana,1992,33.717977,1.702824,1,democrat
Nevada,1992,35.293839,5.455145,1,democrat
New Hampshire,1992,38.195925,3.784798,1,democrat
New Jersey,1992,39.305388,7.558448,1,democrat
New Mexico,1992,41.953365,8.14865500000001,1,democrat
New York,1992,48.076968,19.45024,1,democrat
Ohio,1992,40.257081,1.95993,1,democrat
Oregon,1992,39.925772,10.250848,1,democrat
Pennsylvania,1992,41.349889,9.153842,1,democrat
Rhode Island,1992,50.311493,23.466614,1,democrat
Tennessee,1992,44.505269,7.95571099999999,1,democrat
Vermont,1992,40.803584,11.422218,1,democrat
Washington,1992,44.466954,15.004827,1,democrat
West Virginia,1992,44.298712,14.43923,1,democrat
Wisconsin,1992,39.933187,6.404735,1,democrat
Arizona,1996,45.013949,6.88649699999999,1,democrat
Arkansas,1996,52.939159,18.084563,1,democrat
California,1996,48.713991,13.814598,1,democrat
Connecticut,1996,49.016396,19.931291,1,democrat
Delaware,1996,46.301404,9.684803,1,democrat
District of Columbia,1996,81.327814,76.5736383,1,democrat
Florida,1996,46.23713,4.86102,1,democrat
Hawaii,1996,53.388279,22.326151,1,democrat
Illinois,1996,50.610869,16.276728,1,democrat
Iowa,1996,47.453958,12.370794,1,democrat
Kentucky,1996,45.657298,3.922875,1,democrat
Louisiana,1996,46.771096,11.000163,1,democrat
Maine,1996,47.893072,11.713541,1,democrat
Maryland,1996,51.392215,14.465116,1,democrat
Massachusetts,1996,57.458991,30.272681,1,democrat
Michigan,1996,47.323879,12.6723,1,democrat
Minnesota,1996,52.188213,20.539988,1,democrat
Missouri,1996,47.004037,9.81983099999999,1,democrat
Nevada,1996,42.691043,0.151426000000001,1,democrat
New Hampshire,1996,50.101426,14.96553,1,democrat
New Jersey,1996,48.820304,17.202364,1,democrat
New Mexico,1996,47.593024,13.893636,1,democrat
New York,1996,54.758489,25.893917,1,democrat
Ohio,1996,47.250076,6.07518,1,democrat
Oregon,1996,48.096447,12.653894,1,democrat
Pennsylvania,1996,49.045393,13.030557,1,democrat
Rhode Island,1996,54.644628,29.895285,1,democrat
Tennessee,1996,44.996317,2.957952,1,democrat
Vermont,1996,52.366977,16.847163,1,democrat
Washington,1996,47.449865,12.424927,1,democrat
West Virginia,1996,50.536458,16.240345,1,democrat
Wisconsin,1996,49.536554,14.595873,1,democrat
California,2000,46.403632,3.659728,0,democrat
Connecticut,2000,49.740238,12.227489,0,democrat
Delaware,2000,45.229964,1.00269100000001,0,democrat
District of Columbia,2000,72.672953,58.53184,0,democrat
Hawaii,2000,52.079752,17.437288,0,democrat
Illinois,2000,47.253009,4.70461200000001,0,democrat
Iowa,2000,44.900912,0.349251000000002,0,democrat
Maine,2000,45.534507,4.387055,0,democrat
Maryland,2000,52.162341,12.589848,0,democrat
Massachusetts,2000,55.10759,24.715432,0,democrat
Michigan,2000,46.399564,2.166228,0,democrat
Minnesota,2000,44.708419,3.716396,0,democrat
New Jersey,2000,48.682663,9.409333,0,democrat
New Mexico,2000,44.723852,0.813876999999998,0,democrat
New York,2000,52.79625,16.803188,0,democrat
Oregon,2000,44.507462,0.0406319999999951,0,democrat
Pennsylvania,2000,46.367906,1.70061699999999,0,democrat
Rhode Island,2000,52.319718,21.943951,0,democrat
Vermont,2000,46.85579,9.721019,0,democrat
Washington,2000,45.177247,0.166351999999996,0,democrat
Wisconsin,2000,43.910057,-2.286738,0,democrat
California,2004,52.385393,10.734135,1,democrat
Connecticut,2004,50.968638,11.380724,1,democrat
Delaware,2004,47.686023,7.26753,1,democrat
Hawaii,2004,45.794949,2.455362,1,democrat
Illinois,2004,51.746566,8.84516399999999,1,democrat
Maine,2004,50.048318,7.342481,1,democrat
Maryland,2004,53.865381,12.593114,1,democrat
Massachusetts,2004,57.661592,26.167804,1,democrat
Michigan,2004,48.691046,3.6612,1,democrat
Minnesota,2004,48.248413,3.086267,1,democrat
New Hampshire,2004,48.624872,2.172915,1,democrat
New Jersey,2004,48.995247,7.192074,1,democrat
New York,2004,54.340684,16.186414,1,democrat
Oregon,2004,50.530961,5.249132,1,democrat
Pennsylvania,2004,48.729059,1.36338199999999,1,democrat
Rhode Island,2004,54.849934,18.491644,1,democrat
Vermont,2004,49.357665,9.20829000000001,1,democrat
Washington,2004,51.681792,6.324989,1,democrat
Wisconsin,2004,46.387916,-1.717122,1,democrat
California,2008,57.522385,22.32009,0,democrat
Colorado,2008,51.302013,6.846433,0,democrat
Connecticut,2008,56.510289,20.222026,0,democrat
Delaware,2008,59.585339,24.241347,0,democrat
Florida,2008,48.108337,1.487583,0,democrat
Hawaii,2008,59.752297,26.697252,0,democrat
Illinois,2008,59.354164,22.561789,0,democrat
Indiana,2008,47.005797,-1.00163500000001,0,democrat
Iowa,2008,52.852666,12.831879,0,democrat
Maine,2008,55.215782,16.109173,0,democrat
Maryland,2008,58.011276,20.563285,0,democrat
Massachusetts,2008,56.361476,18.349676,0,democrat
Michigan,2008,53.70322,13.228951,0,democrat
Minnesota,2008,52.376347,10.606982,0,democrat
Nevada,2008,50.390004,5.449928,0,democrat
New Hampshire,2008,52.275229,10.795267,0,democrat
New Jersey,2008,54.871929,16.801347,0,democrat
New Mexico,2008,53.42745,9.788864,0,democrat
New York,2008,61.370024,28.224894,0,democrat
North Carolina,2008,48.35763,0.820428999999997,0,democrat
Ohio,2008,49.617053,4.55462300000001,0,democrat
Oregon,2008,54.806549,15.293246,0,democrat
Pennsylvania,2008,51.486452,7.917108,0,democrat
Rhode Island,2008,55.351109,19.377549,0,democrat
Vermont,2008,60.060211,27.049164,0,democrat
Virginia,2008,50.345379,5.213854,0,democrat
Washington,2008,53.835668,13.549283,0,democrat
Wisconsin,2008,52.664907,11.976872,0,democrat
California,2012,54.853727,15.577813,1,democrat
Colorado,2012,48.290802,0.582903999999999,1,democrat
Connecticut,2012,53.670551,12.405382,1,democrat
District of Columbia,2012,87.344071,78.8946037,1,democrat
Florida,2012,47.634723,-1.546285,1,democrat
Hawaii,2012,61.42352,28.228406,1,democrat
Illinois,2012,55.665689,16.813627,1,democrat
Iowa,2012,48.072818,1.492661,1,democrat
Maine,2012,52.556736,10.439442,1,democrat
Maryland,2012,57.525837,20.041193,1,democrat
Massachusetts,2012,56.852048,17.556882,1,democrat
Michigan,2012,49.748667,4.24069599999999,1,democrat
Minnesota,2012,50.850344,6.147923,1,democrat
Nevada,2012,49.93103,3.175349,1,democrat
New Hampshire,2012,48.49889,0.932256000000002,1,democrat
New Jersey,2012,52.229467,10.753379,1,democrat
New Mexico,2012,49.905268,6.44943,1,democrat
New York,2012,59.796929,23.670302,1,democrat
Ohio,2012,49.171259,2.013408,1,democrat
Oregon,2012,48.07413,5.376814,1,democrat
Pennsylvania,2012,49.881312,3.935041,1,democrat
Rhode Island,2012,55.353336,21.619787,1,democrat
Vermont,2012,59.85286,30.899871,1,democrat
Virginia,2012,48.265883,0.978928000000003,1,democrat
Washington,2012,53.39461,11.179691,1,democrat
Wisconsin,2012,49.892816,3.752503,1,democrat
California,2016,54.91905,22.08415,0,democrat
Colorado,2016,43.64732,2.88015,0,democrat
Connecticut,2016,51.05077,14.50678,0,democrat
Delaware,2016,50.08618,13.95917,0,democrat
District of Columbia,2016,85.58946,79.091771,0,democrat
Hawaii,2016,51.88781,23.94357,0,democrat
Illinois,2016,50.97485,14.38723,0,democrat
Maine,2016,46.01504,6.67401,0,democrat
Maryland,2016,59.92575,32.56131,0,democrat
Massachusetts,2016,55.71963,27.67627,0,democrat
Minnesota,2016,46.96928,8.91293999999999,0,democrat
Nevada,2016,44.89117,0.68,0,democrat
New Hampshire,2016,44.56515,2.26362,0,democrat
New Jersey,2016,51.68812,13.97832,0,democrat
New Mexico,2016,43.84036,4.94506,0,democrat
New York,2016,54.16473,19.37369,0,democrat
Oregon,2016,45.89365,8.42164,0,democrat
Rhode Island,2016,47.45552,11.31946,0,democrat
Vermont,2016,55.18666,29.40252,0,democrat
Virginia,2016,47.26719,5.4122,0,democrat
Washington,2016,50.27108,15.18101,0,democrat
California,1976,42.797994,-3.270222,1,republican
Colorado,1976,42.180101,-1.373191,1,republican
Connecticut,1976,41.698014,-1.469654,1,republican
Idaho,1976,28.532182,-18.699279,1,republican
Illinois,1976,46.568122,-1.570775,1,republican
Indiana,1976,44.115426,0.912097999999993,1,republican
Iowa,1976,44.396444,-1.625155,1,republican
Kansas,1976,41.301737,-4.802532,1,republican
Maine,1976,39.287709,-2.418872,1,republican
Michigan,1976,41.721918,-3.36,1,republican
Nebraska,1976,33.370748,-19.654472,1,republican
New Jersey,1976,37.091361,-7.554365,1,republican
Oregon,1976,43.190446,2.67192300000001,1,republican
South Dakota,1976,43.200283,1.26560499999999,1,republican
Utah,1976,34.506819,-20.900797,1,republican
Washington,1976,33.270395,1.536659,1,republican
Alabama,1980,40.321613,-4.547309,1,republican
Arizona,1980,21.787392,-23.387207,1,republican
Arkansas,1980,43.983228,3.65832400000001,1,republican
California,1980,28.010388,-14.065118,1,republican
Colorado,1980,24.913525,-25.041932,1,republican
Connecticut,1980,32.831153,-3.53593,1,republican
Delaware,1980,36.74326,-6.423568,1,republican
Florida,1980,36.81831,-7.679393,1,republican
Idaho,1980,23.957977,-27.003689,1,republican
Illinois,1980,40.353598,-3.414509,1,republican
Iowa,1980,33.458937,-10.894623,1,republican
Kansas,1980,26.411143,-22.420884,1,republican
Louisiana,1980,36.86978,-12.143667,1,republican
Maine,1980,35.645349,5.89440899999999,1,republican
Massachusetts,1980,31.14032,0.526875,1,republican
Michigan,1980,28.741635,-9.439073,1,republican
Mississippi,1980,35.870002,-15.243476,1,republican
Missouri,1980,37.222867,-2.957157,1,republican
Nebraska,1980,22.783342,-32.393745,1,republican
Nevada,1980,22.783342,-20.383486,1,republican
New Hampshire,1980,28.762486,-14.404342,1,republican
New Jersey,1980,33.844507,-5.078495,1,republican
North Carolina,1980,46.157558,7.012925,1,republican
North Dakota,1980,23.779461,-25.403376,1,republican
Ohio,1980,34.906983,-7.481987,1,republican
Oklahoma,1980,38.739904,-14.441508,1,republican
Oregon,1980,35.199058,-6.589211,1,republican
Pennsylvania,1980,33.33068,-5.29136,1,republican
South Carolina,1980,43.700094,3.080945,1,republican
South Dakota,1980,17.450183,-17.594745,1,republican
Tennessee,1980,51.268399,9.35194900000001,1,republican
Texas,1980,38.029731,-3.775623,1,republican
Virginia,1980,29.742939,-12.601536,1,republican
Washington,1980,32.373094,-8.194969,1,republican
Wisconsin,1980,31.524793,-2.919874,1,republican
Alabama,1984,35.034674,-22.023985,1,republican
California,1984,38.947686,-16.310839,1,republican
Colorado,1984,31,-23,1,republican
Connecticut,1984,30.695356,-26.59231,1,republican
Florida,1984,31.783757,-30.071395,1,republican
Illinois,1984,39.675961,-12.543532,1,republican
Indiana,1984,36.119087,-15.599017,1,republican
Iowa,1984,39.460832,-12.419656,1,republican
Kansas,1984,28.888068,-26.34248,1,republican
Kentucky,1984,33.065294,-25.297862,1,republican
Maryland,1984,36,-13,1,republican
Massachusetts,1984,44.119005,-4.758503,1,republican
Missouri,1984,37.749237,-16.76557,1,republican
Nebraska,1984,26.931731,-31.348517,1,republican
New Hampshire,1984,42.543725,-8.033088,1,republican
New Jersey,1984,32.496976,-24.04026,1,republican
New Mexico,1984,36.962649,-22.251212,1,republican
New York,1984,38.551885,-11.372017,1,republican
North Carolina,1984,33.807644,-28.442694,1,republican
Ohio,1984,39.468842,-18.648283,1,republican
Oregon,1984,38.4373,-10.724056,1,republican
Pennsylvania,1984,40.310944,-14.83501,1,republican
Rhode Island,1984,38.622482,-9.869456,1,republican
Texas,1984,33.363964,-26.369003,1,republican
Utah,1984,23.614176,-46.972194,1,republican
Virginia,1984,31,-28,1,republican
Washington,1984,34.142811,-14.165518,1,republican
West Virginia,1984,44.393791,-10.110381,1,republican
Wisconsin,1984,35.545034,-16.88012,1,republican
Alabama,1988,36.941321,-18.538551,0,republican
Alaska,1988,41.120967,-10.390893,0,republican
Arizona,1988,33.011637,-20.216916,0,republican
Arkansas,1988,40.347879,-7.589976,0,republican
California,1988,42.883798,-8.033824,0,republican
Colorado,1988,41.952605,-3.496305,0,republican
Connecticut,1988,40.7113,-0.417037999999998,0,republican
Delaware,1988,34.832296,-14.190245,0,republican
Florida,1988,35.808301,-21.742401,0,republican
Georgia,1988,38.949382,-11.920596,0,republican
Illinois,1988,45.433824,-1.20842,0,republican
Indiana,1988,37.372362,-13.803169,0,republican
Kansas,1988,34.883109,-7.725976,0,republican
Kentucky,1988,41.791197,-5.525951,0,republican
Louisiana,1988,39.623911,-8.723192,0,republican
Maine,1988,42.126039,-3.856757,0,republican
Maryland,1988,45.944472,-0.643371999999999,0,republican
Michigan,1988,43.626056,-2.237392,0,republican
Mississippi,1988,37.076414,-19.050599,0,republican
Missouri,1988,41.91396,-5.534832,0,republican
Montana,1988,36.983819,-9.011197,0,republican
Nebraska,1988,39.5896,-5.980428,0,republican
Nevada,1988,33.449524,-17.700569,0,republican
New Hampshire,1988,32.119257,-28.27175,0,republican
New Jersey,1988,40.924593,-10.379368,0,republican
New Mexico,1988,39.668694,-9.515823,0,republican
North Carolina,1988,41.989746,-8.300449,0,republican
North Dakota,1988,37.267997,-14.247344,0,republican
Ohio,1988,41.268361,-8.170046,0,republican
Oklahoma,1988,38.603252,-16.809593,0,republican
Pennsylvania,1988,44.803587,-3.565794,0,republican
South Carolina,1988,39.120127,-14.885083,0,republican
South Dakota,1988,40.672295,-4.494735,0,republican
Tennessee,1988,39.917801,-11.038621,0,republican
Texas,1988,42.587829,-9.513224,0,republican
Utah,1988,31.227522,-33.609282,0,republican
Vermont,1988,41.675536,-0.466476999999998,0,republican
Virginia,1988,39.417478,-12.722486,0,republican
Wyoming,1988,27.823913,-28.62067,0,republican
Alabama,1992,40.180882,-1.455865,1,republican
Alaska,1992,33.656677,0.541800000000002,1,republican
Arizona,1992,33.570066,-0.155985000000001,1,republican
Florida,1992,38.39614,-1.92000699999999,1,republican
Idaho,1992,28.721845,-8.361485,1,republican
Indiana,1992,36.793521,-4.80382299999999,1,republican
Kansas,1992,36.712598,-0.425305000000002,1,republican
Mississippi,1992,37.229225,-4.443716,1,republican
Nebraska,1992,30.607145,-9.516056,1,republican
North Carolina,1992,40.319437,2.851999,1,republican
North Dakota,1992,31.136323,-7.67122300000001,1,republican
Oklahoma,1992,37.494133,-5.705706,1,republican
South Carolina,1992,33.74447,-8.717132,1,republican
South Dakota,1992,36.333398,1.45091999999999,1,republican
Texas,1992,36.858955,-0.294618,1,republican
Utah,1992,24.661515,-14.538946,1,republican
Virginia,1992,35.497365,-7.435289,1,republican
Wyoming,1992,30.408792,-3.95456100000001,1,republican
Alabama,1996,40.952817,-5.939902,1,republican
Alaska,1996,34.288314,-9.471848,1,republican
Colorado,1996,43.749865,3.44054,1,republican
Georgia,1996,44.767056,2.83689099999999,1,republican
Idaho,1996,30.727659,-17.664633,1,republican
Indiana,1996,38.665799,-2.01055,1,republican
Kansas,1996,37.789317,-11.73507,1,republican
Mississippi,1996,39.189574,-7.601224,1,republican
Montana,1996,40.633789,0.313983,1,republican
Nebraska,1996,36.553417,-10.694604,1,republican
North Carolina,1996,43.845678,-1.901503,1,republican
North Dakota,1996,36.061334,-5.14415099999999,1,republican
Oklahoma,1996,39.532809,-6.945787,1,republican
South Carolina,1996,40.93399,-8.340698,1,republican
South Dakota,1996,41.031583,-4.16525299999999,1,republican
Texas,1996,40.749962,-5.467395,1,republican
Utah,1996,33.763817,-13.382453,1,republican
Virginia,1996,42.826149,1.072695,1,republican
Wyoming,1996,37.603149,-7.238639,1,republican
Alabama,2000,35.201229,-17.564598,0,republican
Alaska,2000,28.018256,-22.979054,0,republican
Arizona,2000,38.92711,-12.535012,0,republican
Arkansas,2000,44.305234,-2.22364499999999,0,republican
Colorado,2000,39.381768,-8.595187,0,republican
Florida,2000,47.174946,1.41781000000001,0,republican
Georgia,2000,40.539803,-10.130299,0,republican
Idaho,2000,26.858225,-33.979927,0,republican
Indiana,2000,34.544446,-19.742063,0,republican
Kansas,2000,35.187645,-20.133075,0,republican
Kentucky,2000,40.641904,-13.023075,0,republican
Louisiana,2000,39.244476,-7.539565,0,republican
Mississippi,2000,38.42805,-13.55162,0,republican
Missouri,2000,45.054595,-2.803002,0,republican
Montana,2000,32.346911,-20.640563,0,republican
Nebraska,2000,34.333161,-22.712822,0,republican
Nevada,2000,43.036997,-5.054579,0,republican
New Hampshire,2000,41.003838,-4.454309,0,republican
North Carolina,2000,41.733597,-9.775023,0,republican
North Dakota,2000,34.51015,-15.266384,0,republican
Ohio,2000,42.433913,-7.532077,0,republican
Oklahoma,2000,37.20398,-18.87515,0,republican
South Carolina,2000,38.884246,-14.297986,0,republican
South Dakota,2000,33.539587,-20.723337,0,republican
Tennessee,2000,46.032948,-1.966265,0,republican
Texas,2000,32.296191,-27.418452,0,republican
Utah,2000,24.619824,-37.810292,0,republican
Virginia,2000,42.210553,-8.331847,0,republican
West Virginia,2000,42.258471,-4.7217,0,republican
Wyoming,2000,29.687844,-29.012408,0,republican
Alabama,2004,35.153022,-21.625471,1,republican
Alaska,2004,31.118299,-26.193216,1,republican
Arizona,2004,42.353901,-9.294016,1,republican
Arkansas,2004,46.05477,-3.820442,1,republican
Colorado,2004,45.309328,-4.278735,1,republican
Florida,2004,47.364931,-0.577117000000001,1,republican
Georgia,2004,41.540177,-12.6463,1,republican
Idaho,2004,27.835825,-29.752062,1,republican
Indiana,2004,36.95455,-20.308033,1,republican
Iowa,2004,46.264535,-1.15272700000001,1,republican
Kansas,2004,34.482297,-24.072205,1,republican
Kentucky,2004,38.181241,-18.920992,1,republican
