ID,cycle,dem_poll_avg,dem_poll_avg_margin,incumbent_running,Class
Delaware,1976,33.370748,2.445322,1,Unknown_democrat
Georgia,1976,59.796546,29.37976,1,Unknown_democrat
Maryland,1976,37.99659,7.979882,1,Unknown_democrat
Massachusetts,1976,50.399871,14.428559,1,Unknown_democrat
Minnesota,1976,50.399871,14.114422,1,Unknown_democrat
Missouri,1976,46.088928,2.242735,1,Unknown_democrat
New York,1976,49.313474,4.962137,1,Unknown_democrat
North Carolina,1976,41.196529,0.678320999999997,1,Unknown_democrat
Ohio,1976,53.398833,11.390885,1,Unknown_democrat
South Carolina,1976,48.704338,10.675171,1,Unknown_democrat
Louisiana,2004,35.99788,-16.13722,1,Unknown_republican
Mississippi,2004,37.824067,-16.426849,1,Unknown_republican
Missouri,2004,45.337555,-5.898393,1,Unknown_republican
Montana,2004,33.714633,-23.039746,1,Unknown_republican
Nebraska,2004,31.525627,-29.4895,1,Unknown_republican
Nevada,2004,45.188758,-5.137165,1,Unknown_republican
New Mexico,2004,44.911481,-3.518491,1,Unknown_republican
North Carolina,2004,43.381614,-8.255886,1,Unknown_republican
North Dakota,2004,33.772825,-24.769924,1,Unknown_republican
Ohio,2004,47.973979,0.0381309999999999,1,Unknown_republican
