volatile acidity,chlorides,total sulfur dioxide,sulphates,Class
0.7,76,34,0.56,Unknown_red
0.88,98,67,0.68,Unknown_red
0.76,92,54,0.65,Unknown_red
0.28,75,60,0.58,Unknown_red
0.7,76,34,0.56,Unknown_red
0.66,75,40,0.56,Unknown_red
0.6,69,59,0.46,Unknown_red
0.65,65,21,0.47,Unknown_red
0.58,73,18,0.57,Unknown_red
0.5,71,102,0.8,Unknown_red
0.27,36,122,0.48,Unknown_white
0.14,28,165,0.82,Unknown_white
0.12,42,161,0.44,Unknown_white
0.21,47,111,0.41,Unknown_white
0.16,43,63,0.59,Unknown_white
0.29,47,136,0.4,Unknown_white
0.27,46,206,0.43,Unknown_white
0.55,34,122,0.3,Unknown_white
0.27,46,206,0.43,Unknown_white
0.24,172,108,0.39,Unknown_white
